"DotPlot_Group";"gene";"avg_exp";"pct_exp";"avg_exp_scaled";"gene_group"
"<span style='color:#4A90C2;'>Unstim CD28-CD3Z</span>";"GNLY";"0,274300606530732682";"13,093622795115332";"-0,51240695883741216";"Cytotoxicity"
"<span style='color:#4A90C2;'>Unstim CD28-CD3Z</span>";"GZMA";"1,913011473616826219";"73,812754409769326";"-0,04406100773934410";"Cytotoxicity"
"<span style='color:#4A90C2;'>Unstim CD28-CD3Z</span>";"GZMB";"0,666083353328256411";"42,978290366350066";"-1,19959989653963306";"Cytotoxicity"
"<span style='color:#4A90C2;'>Unstim CD28-CD3Z</span>";"GZMH";"0,164076996018770516";"18,995929443690638";"-0,03236752230410635";"Cytotoxicity"
"<span style='color:#4A90C2;'>Unstim CD28-CD3Z</span>";"GZMK";"0,348180777171344602";"24,796472184531886";"0,40568759154053896";"Cytotoxicity"
"<span style='color:#4A90C2;'>Unstim CD28-CD3Z</span>";"KLRD1";"0,253471187139550469";"23,643147896879242";"-0,36854649369869913";"Cytotoxicity"
"<span style='color:#4A90C2;'>Unstim CD28-CD3Z</span>";"KLRG1";"0,114033563287364526";"15,705563093622796";"0,47231094510431371";"Cytotoxicity"
"<span style='color:#4A90C2;'>Unstim CD28-CD3Z</span>";"KLRK1";"0,491917016515048600";"50,033921302578023";"2,41590869486436066";"Cytotoxicity"
"<span style='color:#4A90C2;'>Unstim CD28-CD3Z</span>";"NKG7";"2,338063029666282766";"80,698778833107184";"0,74373139919038445";"Cytotoxicity"
"<span style='color:#4A90C2;'>Unstim CD28-CD3Z</span>";"PRF1";"0,718558769262127139";"61,092265943012215";"0,54206292809058187";"Cytotoxicity"
"<span style='color:#E64B35;'>CD223-CD79B</span>";"GNLY";"0,267711943763647764";"23,622047244094489";"-0,52308767846002069";"Cytotoxicity"
"<span style='color:#E64B35;'>CD223-CD79B</span>";"GZMA";"2,240553173039538493";"88,188976377952756";"0,40194056518044674";"Cytotoxicity"
"<span style='color:#E64B35;'>CD223-CD79B</span>";"GZMB";"1,451575096290985467";"69,291338582677170";"-0,21546248282181563";"Cytotoxicity"
"<span style='color:#E64B35;'>CD223-CD79B</span>";"GZMH";"0,166214530017727791";"12,598425196850393";"-0,02291444542612457";"Cytotoxicity"
"<span style='color:#E64B35;'>CD223-CD79B</span>";"GZMK";"0,108469126633455704";"11,811023622047244";"-0,28827863117017777";"Cytotoxicity"
"<span style='color:#E64B35;'>CD223-CD79B</span>";"KLRD1";"0,080568358203055079";"9,448818897637794";"-0,78637443017533726";"Cytotoxicity"
"<span style='color:#E64B35;'>CD223-CD79B</span>";"KLRG1";"0,013827831334866361";"3,149606299212598";"-0,93468700952017125";"Cytotoxicity"
"<span style='color:#E64B35;'>CD223-CD79B</span>";"KLRK1";"0,000000000000000000";"0,000000000000000";"-0,50872285443766663";"Cytotoxicity"
"<span style='color:#E64B35;'>CD223-CD79B</span>";"NKG7";"1,097785209406564100";"66,141732283464577";"-0,83927951648158239";"Cytotoxicity"
"<span style='color:#E64B35;'>CD223-CD79B</span>";"PRF1";"0,546404497957261981";"58,267716535433067";"-0,16332183942212034";"Cytotoxicity"
"4-1BB-CD79A";"GNLY";"0,157892521078434656";"21,145374449339208";"-0,70111325121770063";"Cytotoxicity"
"4-1BB-CD79A";"GZMA";"0,904857956057722346";"66,079295154185019";"-1,41682684295501637";"Cytotoxicity"
"4-1BB-CD79A";"GZMB";"0,704347394166422336";"57,709251101321591";"-1,15165913264715725";"Cytotoxicity"
"4-1BB-CD79A";"GZMH";"0,049420286453808082";"7,929515418502203";"-0,53942785005690175";"Cytotoxicity"
"4-1BB-CD79A";"GZMK";"0,037382148804232573";"6,607929515418502";"-0,49407572687816886";"Cytotoxicity"
"4-1BB-CD79A";"KLRD1";"0,090782032422323009";"13,215859030837004";"-0,76169259906169606";"Cytotoxicity"
"4-1BB-CD79A";"KLRG1";"0,025845471553535962";"6,607929515418502";"-0,76594621118842932";"Cytotoxicity"
"4-1BB-CD79A";"KLRK1";"0,000000000000000000";"0,000000000000000";"-0,50872285443766663";"Cytotoxicity"
"4-1BB-CD79A";"NKG7";"0,708250870515002018";"70,925110132158579";"-1,33645611709617662";"Cytotoxicity"
"4-1BB-CD79A";"PRF1";"0,227547378428638564";"31,718061674008812";"-1,46980673476442747";"Cytotoxicity"
"4-1BB-FCER1G";"GNLY";"0,831737745509502080";"41,618497109826592";"0,39124071583261699";"Cytotoxicity"
"4-1BB-FCER1G";"GZMA";"1,388882776250249806";"70,520231213872833";"-0,75774791798587704";"Cytotoxicity"
"4-1BB-FCER1G";"GZMB";"1,147704252320885576";"70,520231213872833";"-0,59618025505583161";"Cytotoxicity"
"4-1BB-FCER1G";"GZMH";"0,163812218558574779";"12,138728323699421";"-0,03353847990665586";"Cytotoxicity"
"4-1BB-FCER1G";"GZMK";"0,096389210284499011";"10,404624277456648";"-0,32325003911191180";"Cytotoxicity"
"4-1BB-FCER1G";"KLRD1";"0,136280055688331458";"17,341040462427745";"-0,65174445482407584";"Cytotoxicity"
"4-1BB-FCER1G";"KLRG1";"0,095387769671219841";"15,028901734104046";"0,21050363159951163";"Cytotoxicity"
"4-1BB-FCER1G";"KLRK1";"0,041532872289521065";"5,202312138728324";"-0,26179431862160724";"Cytotoxicity"
"4-1BB-FCER1G";"NKG7";"0,849161034686301552";"58,959537572254341";"-1,15660743773691355";"Cytotoxicity"
"4-1BB-FCER1G";"PRF1";"0,367121323354065943";"46,242774566473990";"-0,89791656935747177";"Cytotoxicity"
"CD223-FCER1G";"GNLY";"0,315419519229938827";"25,414364640883981";"-0,44575009791553388";"Cytotoxicity"
"CD223-FCER1G";"GZMA";"2,635336169712015675";"93,922651933701658";"0,93950215745477728";"Cytotoxicity"
"CD223-FCER1G";"GZMB";"2,334428243739191888";"91,712707182320443";"0,89065839114838852";"Cytotoxicity"
"CD223-FCER1G";"GZMH";"0,238818721580332433";"17,127071823204421";"0,29817191148788141";"Cytotoxicity"
"CD223-FCER1G";"GZMK";"0,074192196442653568";"8,287292817679557";"-0,38751048626463880";"Cytotoxicity"
"CD223-FCER1G";"KLRD1";"0,166048860179950325";"19,337016574585636";"-0,57980671830110686";"Cytotoxicity"
"CD223-FCER1G";"KLRG1";"0,030247357434922503";"5,524861878453039";"-0,70413892421070212";"Cytotoxicity"
"CD223-FCER1G";"KLRK1";"0,020489549784515042";"1,657458563535912";"-0,38690478000853357";"Cytotoxicity"
"CD223-FCER1G";"NKG7";"1,878923697455822106";"85,082872928176798";"0,15771545757554734";"Cytotoxicity"
"CD223-FCER1G";"PRF1";"0,785574098129377618";"73,480662983425418";"0,81665148064005821";"Cytotoxicity"
"CD30-CD79B";"GNLY";"0,619983311309210028";"38,871473354231973";"0,04797079589739461";"Cytotoxicity"
"CD30-CD79B";"GZMA";"2,272808331742661725";"91,536050156739819";"0,44586123708794834";"Cytotoxicity"
"CD30-CD79B";"GZMB";"2,044369826232606435";"88,401253918495286";"0,52724611674901445";"Cytotoxicity"
"CD30-CD79B";"GZMH";"0,060459205915538751";"6,896551724137931";"-0,49060909237983380";"Cytotoxicity"
"CD30-CD79B";"GZMK";"0,195124236951908198";"15,047021943573668";"-0,03741172732408430";"Cytotoxicity"
"CD30-CD79B";"KLRD1";"0,439455727672818930";"47,648902821316611";"0,08089402306758674";"Cytotoxicity"
"CD30-CD79B";"KLRG1";"0,093417371712240321";"12,852664576802509";"0,18283709153177724";"Cytotoxicity"
"CD30-CD79B";"KLRK1";"0,068249334368238462";"10,031347962382444";"-0,10295491022972900";"Cytotoxicity"
"CD30-CD79B";"NKG7";"1,975501422629122095";"92,163009404388717";"0,28098106038064047";"Cytotoxicity"
"CD30-CD79B";"PRF1";"0,645831002668482812";"74,294670846394979";"0,24406823797030208";"Cytotoxicity"
"CD357-CD79B";"GNLY";"1,647877585735723294";"66,363636363636374";"1,71426499472638949";"Cytotoxicity"
"CD357-CD79B";"GZMA";"3,025685555399737936";"98,181818181818187";"1,47102666353092215";"Cytotoxicity"
"CD357-CD79B";"GZMB";"2,272588915477245397";"97,272727272727280";"0,81318030544348652";"Cytotoxicity"
"CD357-CD79B";"GZMH";"0,881867462971376970";"68,181818181818173";"3,14200466063914963";"Cytotoxicity"
"CD357-CD79B";"GZMK";"1,314980738351630318";"82,727272727272734";"3,20457748976475409";"Cytotoxicity"
"CD357-CD79B";"KLRD1";"0,935980532550502509";"80,000000000000000";"1,28076990657730971";"Cytotoxicity"
"CD357-CD79B";"KLRG1";"0,235322697058748920";"39,090909090909093";"2,17534289556609517";"Cytotoxicity"
"CD357-CD79B";"KLRK1";"0,008591884305355655";"1,818181818181818";"-0,45764087299816630";"Cytotoxicity"
"CD357-CD79B";"NKG7";"2,934892267007640942";"93,636363636363640";"1,50548588844320608";"Cytotoxicity"
"CD357-CD79B";"PRF1";"0,761901331918805935";"80,000000000000000";"0,71965470813328880";"Cytotoxicity"
"CD4-FCGR2A";"GNLY";"1,735632963073699964";"72,142857142857139";"1,85652308469960459";"Cytotoxicity"
"CD4-FCGR2A";"GZMA";"2,756053549266411107";"98,571428571428584";"1,10387860556782136";"Cytotoxicity"
"CD4-FCGR2A";"GZMB";"2,884526385946676097";"95,714285714285722";"1,57987271811393293";"Cytotoxicity"
"CD4-FCGR2A";"GZMH";"0,152154979774081295";"17,857142857142858";"-0,08509170641372600";"Cytotoxicity"
"CD4-FCGR2A";"GZMK";"0,065463868779938428";"9,285714285714286";"-0,41277903105620073";"Cytotoxicity"
"CD4-FCGR2A";"KLRD1";"1,202764232968213109";"90,000000000000000";"1,92546544867323899";"Cytotoxicity"
"CD4-FCGR2A";"KLRG1";"0,039654312704401395";"7,142857142857142";"-0,57205499482355837";"Cytotoxicity"
"CD4-FCGR2A";"KLRK1";"0,000000000000000000";"0,000000000000000";"-0,50872285443766663";"Cytotoxicity"
"CD4-FCGR2A";"NKG7";"2,761357205249680202";"97,857142857142847";"1,28399688611860108";"Cytotoxicity"
"CD4-FCGR2A";"PRF1";"1,158951913857134697";"94,285714285714278";"2,34652943106928680";"Cytotoxicity"
"CD4-K1";"GNLY";"1,396357835125534130";"67,741935483870961";"1,30653249561649520";"Cytotoxicity"
"CD4-K1";"GZMA";"1,685346091799072576";"82,795698924731184";"-0,35406464565495660";"Cytotoxicity"
"CD4-K1";"GZMB";"2,733125861793606948";"95,161290322580655";"1,39018400195566083";"Cytotoxicity"
"CD4-K1";"GZMH";"0,024838386687201168";"6,451612903225806";"-0,64813937858179715";"Cytotoxicity"
"CD4-K1";"GZMK";"0,059611109077803419";"6,451612903225806";"-0,42972279467307234";"Cytotoxicity"
"CD4-K1";"KLRD1";"0,961883108941391396";"81,720430107526880";"1,34336471841123672";"Cytotoxicity"
"CD4-K1";"KLRG1";"0,040169366953697445";"9,677419354838710";"-0,56482307044997349";"Cytotoxicity"
"CD4-K1";"KLRK1";"0,014716903332838333";"3,763440860215054";"-0,42122533280246938";"Cytotoxicity"
"CD4-K1";"NKG7";"2,391597511799663511";"94,623655913978496";"0,81205937232485648";"Cytotoxicity"
"CD4-K1";"PRF1";"0,419064090463874772";"62,365591397849464";"-0,68508631876883308";"Cytotoxicity"
"HVEM-CD79B";"GNLY";"0,243760496789236003";"24,615384615384617";"-0,56191478173315590";"Cytotoxicity"
"HVEM-CD79B";"GZMA";"1,864006739712159133";"85,128205128205124";"-0,11078896463923976";"Cytotoxicity"
"HVEM-CD79B";"GZMB";"1,648396156392275991";"87,179487179487182";"0,03113332265754767";"Cytotoxicity"
"HVEM-CD79B";"GZMH";"0,016432792595599276";"2,051282051282051";"-0,68531246083068009";"Cytotoxicity"
"HVEM-CD79B";"GZMK";"0,050759984016041662";"6,666666666666667";"-0,45534683844427859";"Cytotoxicity"
"HVEM-CD79B";"KLRD1";"0,077243222848080884";"12,307692307692308";"-0,79440977842510274";"Cytotoxicity"
"HVEM-CD79B";"KLRG1";"0,034154296703112881";"6,666666666666667";"-0,64928122842747304";"Cytotoxicity"
"HVEM-CD79B";"KLRK1";"0,008123803185468749";"2,051282051282051";"-0,46042379118333537";"Cytotoxicity"
"HVEM-CD79B";"NKG7";"1,931147856257310114";"90,769230769230774";"0,22437101820407654";"Cytotoxicity"
"HVEM-CD79B";"PRF1";"0,506754856281107835";"62,564102564102562";"-0,32578224812245066";"Cytotoxicity"
"TIM1-CD3G";"GNLY";"0,073539955130700052";"11,290322580645160";"-0,83785512710125898";"Cytotoxicity"
"TIM1-CD3G";"GZMA";"2,584877423239020366";"89,516129032258064";"0,87079432472941420";"Cytotoxicity"
"TIM1-CD3G";"GZMB";"1,741558458618696292";"73,387096774193552";"0,14785575543995985";"Cytotoxicity"
"TIM1-CD3G";"GZMH";"0,207195693487491034";"17,741935483870968";"0,15832154381090743";"Cytotoxicity"
"TIM1-CD3G";"GZMK";"0,240738835938639345";"16,129032258064516";"0,09464272596700637";"Cytotoxicity"
"TIM1-CD3G";"KLRD1";"0,107483136484706032";"12,903225806451612";"-0,72133358417345461";"Cytotoxicity"
"TIM1-CD3G";"KLRG1";"0,079315991377110109";"10,483870967741936";"-0,01516169458871583";"Cytotoxicity"
"TIM1-CD3G";"KLRK1";"0,027029159603517844";"4,838709677419355";"-0,34802434173405111";"Cytotoxicity"
"TIM1-CD3G";"NKG7";"1,620692256602442649";"79,838709677419345";"-0,17187456085677363";"Cytotoxicity"
"TIM1-CD3G";"PRF1";"0,690167597420200174";"66,935483870967744";"0,42573296428930119";"Cytotoxicity"
"TIM1-CD79B";"GNLY";"0,027997887189251433";"2,894617819990954";"-0,91168225650700507";"Cytotoxicity"
"TIM1-CD79B";"GZMA";"0,592114664417760839";"56,942559927634548";"-1,84267796431566855";"Cytotoxicity"
"TIM1-CD79B";"GZMB";"0,985209688355329183";"74,536408864767083";"-0,79976862037854013";"Cytotoxicity"
"TIM1-CD79B";"GZMH";"0,029091743863538782";"4,613297150610583";"-0,62932923923568684";"Cytotoxicity"
"TIM1-CD79B";"GZMK";"0,016281099619344146";"2,578018995929444";"-0,55516335180257992";"Cytotoxicity"
"TIM1-CD79B";"KLRD1";"0,782295264424724301";"89,235639981908648";"0,90938212279826236";"Cytotoxicity"
"TIM1-CD79B";"KLRG1";"0,212869468671029710";"47,037539574853007";"1,86007503812243913";"Cytotoxicity"
"TIM1-CD79B";"KLRK1";"0,429873755010450997";"69,696969696969703";"2,04703818637201795";"Cytotoxicity"
"TIM1-CD79B";"NKG7";"1,894629148447847466";"98,778833107191303";"0,17776088606730339";"Cytotoxicity"
"TIM1-CD79B";"PRF1";"0,396060092267840058";"68,882858435097233";"-0,77934288177119404";"Cytotoxicity"
"TIM1-FCER1G";"GNLY";"0,082875234293999553";"16,167664670658681";"-0,82272193500041380";"Cytotoxicity"
"TIM1-FCER1G";"GZMA";"1,426272122569085532";"77,245508982035929";"-0,70683621026122934";"Cytotoxicity"
"TIM1-FCER1G";"GZMB";"0,492197586965746947";"40,119760479041915";"-1,41746022406501182";"Cytotoxicity"
"TIM1-FCER1G";"GZMH";"0,073764393597600661";"7,784431137724551";"-0,43176794080242603";"Cytotoxicity"
"TIM1-FCER1G";"GZMK";"0,097038901431162644";"7,784431137724551";"-0,32136918054718594";"Cytotoxicity"
"TIM1-FCER1G";"KLRD1";"0,043493265468967431";"8,383233532934131";"-0,87596816086816154";"Cytotoxicity"
"TIM1-FCER1G";"KLRG1";"0,030899903201886812";"7,185628742514970";"-0,69497646871511354";"Cytotoxicity"
"TIM1-FCER1G";"KLRK1";"0,001835524678478137";"0,598802395209581";"-0,49780997034548680";"Cytotoxicity"
"TIM1-FCER1G";"NKG7";"0,437610311866966750";"43,712574850299404";"-1,68188433613317034";"Cytotoxicity"
"TIM1-FCER1G";"PRF1";"0,397499962670295137";"61,676646706586823";"-0,77344315798632457";"Cytotoxicity"
"<span style='color:#4A90C2;'>Unstim CD28-CD3Z</span>";"CRTAM";"0,007695346860186014";"1,119402985074627";"-1,06739588207746317";"Activation"
"<span style='color:#4A90C2;'>Unstim CD28-CD3Z</span>";"DUSP4";"0,284533612399755886";"36,160108548168253";"-1,65100335782232133";"Activation"
"<span style='color:#4A90C2;'>Unstim CD28-CD3Z</span>";"ID3";"0,015431148528162533";"3,256445047489823";"-1,53774183394473729";"Activation"
"<span style='color:#4A90C2;'>Unstim CD28-CD3Z</span>";"IFNG";"0,207122320837962032";"25,067842605156038";"-0,38863992023763888";"Activation"
"<span style='color:#4A90C2;'>Unstim CD28-CD3Z</span>";"IL2RA";"0,234622275599872893";"28,527815468113975";"-2,41108989214205449";"Activation"
"<span style='color:#4A90C2;'>Unstim CD28-CD3Z</span>";"LAIR2";"0,003502945454335220";"0,542740841248304";"-0,69041055407420793";"Activation"
"<span style='color:#4A90C2;'>Unstim CD28-CD3Z</span>";"LAYN";"0,000901083412060365";"0,101763907734057";"-0,80719722812004258";"Activation"
"<span style='color:#4A90C2;'>Unstim CD28-CD3Z</span>";"NPW";"0,001889864202600026";"0,542740841248304";"-1,04018010048969489";"Activation"
"<span style='color:#4A90C2;'>Unstim CD28-CD3Z</span>";"RGS16";"0,098082818006080694";"14,213025780189959";"-1,74483133967385373";"Activation"
"<span style='color:#4A90C2;'>Unstim CD28-CD3Z</span>";"TNFRSF18";"0,053967998248484132";"7,021709633649932";"-1,07883334093852246";"Activation"
"<span style='color:#4A90C2;'>Unstim CD28-CD3Z</span>";"TNFRSF4";"0,053533915816868047";"6,784260515603799";"-0,44748565545603181";"Activation"
"<span style='color:#4A90C2;'>Unstim CD28-CD3Z</span>";"TNFRSF8";"0,030820953405248697";"5,868385345997286";"-1,32321411579383397";"Activation"
"<span style='color:#4A90C2;'>Unstim CD28-CD3Z</span>";"TNFRSF9";"0,009600210425698601";"1,831750339213026";"-0,92111692838679848";"Activation"
"<span style='color:#4A90C2;'>Unstim CD28-CD3Z</span>";"TNFSF13B";"0,056831619939308596";"7,598371777476255";"-1,14097223623423671";"Activation"
"<span style='color:#E64B35;'>CD223-CD79B</span>";"CRTAM";"0,038299729844939373";"4,724409448818897";"-0,40424441012916928";"Activation"
"<span style='color:#E64B35;'>CD223-CD79B</span>";"DUSP4";"0,622276135960993182";"59,055118110236215";"-0,52565032366098119";"Activation"
"<span style='color:#E64B35;'>CD223-CD79B</span>";"ID3";"0,252036808373423959";"31,496062992125985";"-0,51055388843270899";"Activation"
"<span style='color:#E64B35;'>CD223-CD79B</span>";"IFNG";"0,169918541112728916";"16,535433070866144";"-0,58767561950988978";"Activation"
"<span style='color:#E64B35;'>CD223-CD79B</span>";"IL2RA";"0,939615749865641448";"73,228346456692918";"0,02023213413102011";"Activation"
"<span style='color:#E64B35;'>CD223-CD79B</span>";"LAIR2";"0,034070567506273582";"3,937007874015748";"-0,47265134418839339";"Activation"
"<span style='color:#E64B35;'>CD223-CD79B</span>";"LAYN";"0,167123389452086851";"24,409448818897637";"-0,09806508922446470";"Activation"
"<span style='color:#E64B35;'>CD223-CD79B</span>";"NPW";"0,220169979528993615";"20,472440944881889";"-0,52963585305739935";"Activation"
"<span style='color:#E64B35;'>CD223-CD79B</span>";"RGS16";"0,828268004835934324";"69,291338582677170";"-0,00956368265549201";"Activation"
"<span style='color:#E64B35;'>CD223-CD79B</span>";"TNFRSF18";"0,430196179036695381";"41,732283464566926";"1,13685685001401260";"Activation"
"<span style='color:#E64B35;'>CD223-CD79B</span>";"TNFRSF4";"0,181974082579362068";"20,472440944881889";"0,48196831697986553";"Activation"
"<span style='color:#E64B35;'>CD223-CD79B</span>";"TNFRSF8";"0,047438534461743426";"9,448818897637794";"-1,16495549716450664";"Activation"
"<span style='color:#E64B35;'>CD223-CD79B</span>";"TNFRSF9";"0,055977833690844449";"9,448818897637794";"-0,59754049379995522";"Activation"
"<span style='color:#E64B35;'>CD223-CD79B</span>";"TNFSF13B";"0,273354769083533344";"33,858267716535437";"1,70237376198246348";"Activation"
"4-1BB-CD79A";"CRTAM";"0,030442237632333297";"4,845814977973569";"-0,57450458264131798";"Activation"
"4-1BB-CD79A";"DUSP4";"1,101963422610360288";"84,581497797356832";"1,07266053689492824";"Activation"
"4-1BB-CD79A";"ID3";"0,734086629418088554";"61,233480176211451";"1,58219302910569071";"Activation"
"4-1BB-CD79A";"IFNG";"0,537616644414039668";"65,198237885462547";"1,37946453808059499";"Activation"
"4-1BB-CD79A";"IL2RA";"1,319382970690107904";"90,308370044052865";"1,32994129109685666";"Activation"
"4-1BB-CD79A";"LAIR2";"0,024794868676715338";"6,167400881057269";"-0,53873004814617464";"Activation"
"4-1BB-CD79A";"LAYN";"0,047483475127770979";"5,726872246696035";"-0,60846895957900138";"Activation"
"4-1BB-CD79A";"NPW";"0,891649199778830615";"57,709251101321591";"1,04091422960249025";"Activation"
"4-1BB-CD79A";"RGS16";"0,999470986456331922";"85,022026431718061";"0,39729611421438160";"Activation"
"4-1BB-CD79A";"TNFRSF18";"0,442528342985386403";"60,352422907488986";"1,20948366557335718";"Activation"
"4-1BB-CD79A";"TNFRSF4";"0,447796010573455083";"55,506607929515418";"2,40558188088584002";"Activation"
"4-1BB-CD79A";"TNFRSF8";"0,202763245477373427";"42,731277533039645";"0,31428953379177726";"Activation"
"4-1BB-CD79A";"TNFRSF9";"0,216028526814476096";"27,753303964757709";"0,51913235375017874";"Activation"
"4-1BB-CD79A";"TNFSF13B";"0,115776205728267204";"20,704845814977972";"-0,36692173501997993";"Activation"
"4-1BB-FCER1G";"CRTAM";"0,043093118702559705";"5,202312138728324";"-0,30037880113665755";"Activation"
"4-1BB-FCER1G";"DUSP4";"0,877959537847943339";"80,924855491329481";"0,32628294510315342";"Activation"
"4-1BB-FCER1G";"ID3";"0,313969774227818577";"35,838150289017342";"-0,24168121650657168";"Activation"
"4-1BB-FCER1G";"IFNG";"0,131505397929520762";"17,919075144508671";"-0,79318126627968255";"Activation"
"4-1BB-FCER1G";"IL2RA";"1,073732155916753417";"77,456647398843927";"0,48276148230159088";"Activation"
"4-1BB-FCER1G";"LAIR2";"0,007763286219495726";"1,734104046242774";"-0,66006051777470953";"Activation"
"4-1BB-FCER1G";"LAYN";"0,410439781785883084";"41,040462427745666";"0,93996330681085372";"Activation"
"4-1BB-FCER1G";"NPW";"0,478055323883730343";"42,774566473988443";"0,07354267678959954";"Activation"
"4-1BB-FCER1G";"RGS16";"0,836958403384947980";"73,410404624277461";"0,01108884193785700";"Activation"
"4-1BB-FCER1G";"TNFRSF18";"0,553189151246897604";"51,445086705202314";"1,86118941200156951";"Activation"
"4-1BB-FCER1G";"TNFRSF4";"0,373565497895349485";"34,682080924855491";"1,86841467981704268";"Activation"
"4-1BB-FCER1G";"TNFRSF8";"0,137361797778513928";"27,167630057803464";"-0,30856542530194975";"Activation"
"4-1BB-FCER1G";"TNFRSF9";"0,134912282833074160";"17,919075144508671";"-0,04681525560702955";"Activation"
"4-1BB-FCER1G";"TNFSF13B";"0,242937062155107242";"36,416184971098261";"1,30293349145388571";"Activation"
"CD223-FCER1G";"CRTAM";"0,036399320708100265";"5,524861878453039";"-0,44542345030216290";"Activation"
"CD223-FCER1G";"DUSP4";"0,557151305139015895";"54,696132596685089";"-0,74264528536134855";"Activation"
"CD223-FCER1G";"ID3";"0,268998795490551001";"34,254143646408842";"-0,43691596823233064";"Activation"
"CD223-FCER1G";"IFNG";"0,151528503387749203";"18,784530386740332";"-0,68606008596107315";"Activation"
"CD223-FCER1G";"IL2RA";"0,972070830721672441";"76,795580110497241";"0,13216047932871580";"Activation"
"CD223-FCER1G";"LAIR2";"0,188228950792872246";"17,679558011049721";"0,62555013464190257";"Activation"
"CD223-FCER1G";"LAYN";"0,391497550894818080";"39,779005524861880";"0,85915258394673799";"Activation"
"CD223-FCER1G";"NPW";"0,343927531285405153";"27,071823204419886";"-0,24017427736113361";"Activation"
"CD223-FCER1G";"RGS16";"1,249761456804576731";"82,872928176795583";"0,99210543914858784";"Activation"
"CD223-FCER1G";"TNFRSF18";"0,311104555027690299";"34,254143646408842";"0,43550018239665672";"Activation"
"CD223-FCER1G";"TNFRSF4";"0,063426962527493733";"8,287292817679557";"-0,37589487667973071";"Activation"
"CD223-FCER1G";"TNFRSF8";"0,129672064291475236";"20,441988950276244";"-0,38179910444869852";"Activation"
"CD223-FCER1G";"TNFRSF9";"0,107352638529516015";"10,497237569060774";"-0,23909874955073135";"Activation"
"CD223-FCER1G";"TNFSF13B";"0,232829438460336491";"30,939226519337016";"1,17020185745726613";"Activation"
"CD30-CD79B";"CRTAM";"0,174150324741189050";"26,018808777429470";"2,53943597759113127";"Activation"
"CD30-CD79B";"DUSP4";"1,135412109987891549";"88,087774294670851";"1,18411106267449906";"Activation"
"CD30-CD79B";"ID3";"0,417172866557803501";"49,529780564263319";"0,20635951273995004";"Activation"
"CD30-CD79B";"IFNG";"0,166370567884330328";"19,749216300940439";"-0,60665684501248529";"Activation"
"CD30-CD79B";"IL2RA";"0,917466214009702297";"77,742946708463947";"-0,05615531676610509";"Activation"
"CD30-CD79B";"LAIR2";"0,274413920522282528";"33,228840125391848";"1,23951908781793585";"Activation"
"CD30-CD79B";"LAYN";"0,772579734014936736";"66,144200626959247";"2,48491286876610840";"Activation"
"CD30-CD79B";"NPW";"0,984969939095625135";"65,203761755485885";"1,25918590566916166";"Activation"
"CD30-CD79B";"RGS16";"1,110873983371138296";"79,623824451410670";"0,66204267567294139";"Activation"
"CD30-CD79B";"TNFRSF18";"0,307019670391250665";"39,184952978056423";"0,41144340174516436";"Activation"
"CD30-CD79B";"TNFRSF4";"0,058314174809986616";"9,404388714733543";"-0,41289343386041261";"Activation"
"CD30-CD79B";"TNFRSF8";"0,386146607952685961";"57,993730407523515";"2,06075296467731039";"Activation"
"CD30-CD79B";"TNFRSF9";"0,161759239609828825";"21,316614420062695";"0,14049582119534593";"Activation"
"CD30-CD79B";"TNFSF13B";"0,127732078405147526";"19,435736677115987";"-0,20991920265632769";"Activation"
"CD357-CD79B";"CRTAM";"0,038376357814365672";"6,363636363636363";"-0,40258399597402117";"Activation"
"CD357-CD79B";"DUSP4";"0,920631046287937127";"80,909090909090907";"0,46846377264257183";"Activation"
"CD357-CD79B";"ID3";"0,204481420439640016";"26,363636363636360";"-0,71700846463210133";"Activation"
"CD357-CD79B";"IFNG";"0,449924288578801790";"54,545454545454540";"0,91032109369395708";"Activation"
"CD357-CD79B";"IL2RA";"0,778198629898338212";"73,636363636363626";"-0,53644961331749474";"Activation"
"CD357-CD79B";"LAIR2";"0,000000000000000000";"0,000000000000000";"-0,71536501841275046";"Activation"
"CD357-CD79B";"LAYN";"0,010064327539768356";"1,818181818181818";"-0,76810529718545917";"Activation"
"CD357-CD79B";"NPW";"0,150526482274268486";"20,000000000000000";"-0,69252786381751763";"Activation"
"CD357-CD79B";"RGS16";"0,383593895976561627";"50,000000000000000";"-1,06632108192184405";"Activation"
"CD357-CD79B";"TNFRSF18";"0,103095539273423839";"16,363636363636363";"-0,78951048764632703";"Activation"
"CD357-CD79B";"TNFRSF4";"0,032991064046334430";"3,636363636363636";"-0,59614347539324342";"Activation"
"CD357-CD79B";"TNFRSF8";"0,106577825839175147";"22,727272727272727";"-0,60173859283343334";"Activation"
"CD357-CD79B";"TNFRSF9";"0,042076349072725408";"10,000000000000000";"-0,69453107916217072";"Activation"
"CD357-CD79B";"TNFSF13B";"0,049945334301355518";"9,090909090909092";"-1,23140179440683117";"Activation"
"CD4-FCGR2A";"CRTAM";"0,092325191163768694";"15,714285714285714";"0,76640700323589583";"Activation"
"CD4-FCGR2A";"DUSP4";"0,705499907941656068";"80,000000000000000";"-0,24834996087201969";"Activation"
"CD4-FCGR2A";"ID3";"0,530959218152560752";"55,000000000000007";"0,70034587299171558";"Activation"
"CD4-FCGR2A";"IFNG";"0,633059587927483958";"62,857142857142854";"1,89007268443288878";"Activation"
"CD4-FCGR2A";"IL2RA";"0,910428555782989979";"81,428571428571431";"-0,08042619881619500";"Activation"
"CD4-FCGR2A";"LAIR2";"0,034010688239903983";"7,857142857142857";"-0,47307791520890102";"Activation"
"CD4-FCGR2A";"LAYN";"0,026774521091958280";"5,000000000000000";"-0,69681681865737211";"Activation"
"CD4-FCGR2A";"NPW";"0,561930996579512176";"44,285714285714285";"0,26972290204884275";"Activation"
"CD4-FCGR2A";"RGS16";"1,123247067436552893";"87,142857142857139";"0,69144701444006884";"Activation"
"CD4-FCGR2A";"TNFRSF18";"0,031898081143015906";"7,857142857142857";"-1,20880791844963320";"Activation"
"CD4-FCGR2A";"TNFRSF4";"0,024386709334102190";"3,571428571428571";"-0,65840866757662131";"Activation"
"CD4-FCGR2A";"TNFRSF8";"0,185617720022711236";"35,714285714285715";"0,15100300220189161";"Activation"
"CD4-FCGR2A";"TNFRSF9";"0,304985097973732189";"37,142857142857146";"1,13978188475827436";"Activation"
"CD4-FCGR2A";"TNFSF13B";"0,094211829695568905";"20,000000000000000";"-0,65010153606643206";"Activation"
"CD4-K1";"CRTAM";"0,112226809523403165";"18,279569892473120";"1,19764548028409257";"Activation"
"CD4-K1";"DUSP4";"1,342035610015258396";"91,935483870967744";"1,87257747262797691";"Activation"
"CD4-K1";"ID3";"0,788117561679775647";"69,892473118279568";"1,81676020869166743";"Activation"
"CD4-K1";"IFNG";"0,498445769014681572";"57,526881720430111";"1,16990511605956815";"Activation"
"CD4-K1";"IL2RA";"1,220823790099887063";"87,634408602150543";"0,99003870276439476";"Activation"
"CD4-K1";"LAIR2";"0,409118317277861410";"44,086021505376344";"2,19913324935786036";"Activation"
"CD4-K1";"LAYN";"0,391582064757966364";"41,397849462365592";"0,85951313421203290";"Activation"
"CD4-K1";"NPW";"1,455848044454712387";"78,494623655913969";"2,36054187468825871";"Activation"
"CD4-K1";"RGS16";"1,385781764406657901";"90,860215053763440";"1,31535445150438068";"Activation"
"CD4-K1";"TNFRSF18";"0,268599461973539233";"34,408602150537639";"0,18517837623024783";"Activation"
"CD4-K1";"TNFRSF4";"0,053358994632488860";"5,913978494623656";"-0,44875146812026684";"Activation"
"CD4-K1";"TNFRSF8";"0,354692481691875672";"56,451612903225815";"1,76119753869172357";"Activation"
"CD4-K1";"TNFRSF9";"0,515860852365479294";"48,924731182795696";"2,61106091854551448";"Activation"
"CD4-K1";"TNFSF13B";"0,055275251386572161";"11,827956989247312";"-1,16141020932701577";"Activation"
"HVEM-CD79B";"CRTAM";"0,048275873849590666";"10,769230769230770";"-0,18807620362265393";"Activation"
"HVEM-CD79B";"DUSP4";"0,896764176736558172";"82,564102564102555";"0,38893972046704717";"Activation"
"HVEM-CD79B";"ID3";"0,588860001927918431";"62,051282051282051";"0,95171343186009638";"Activation"
"HVEM-CD79B";"IFNG";"0,328407642884152973";"42,051282051282051";"0,26022181002765904";"Activation"
"HVEM-CD79B";"IL2RA";"1,146917856600727426";"81,538461538461533";"0,73515815344311031";"Activation"
"HVEM-CD79B";"LAIR2";"0,291909069918869557";"36,923076923076927";"1,36415193962962888";"Activation"
"HVEM-CD79B";"LAYN";"0,120107398916601327";"16,410256410256409";"-0,29864316279958802";"Activation"
"HVEM-CD79B";"NPW";"0,328576754911953428";"41,025641025641022";"-0,27607883311677978";"Activation"
"HVEM-CD79B";"RGS16";"1,151512683498451706";"85,641025641025635";"0,75861957592527041";"Activation"
"HVEM-CD79B";"TNFRSF18";"0,130022789183144027";"15,897435897435896";"-0,63093001297454776";"Activation"
"HVEM-CD79B";"TNFRSF4";"0,070190305022797730";"8,205128205128204";"-0,32695212218433201";"Activation"
"HVEM-CD79B";"TNFRSF8";"0,153404657189986249";"29,743589743589745";"-0,15578020579902954";"Activation"
"HVEM-CD79B";"TNFRSF9";"0,192066922176010124";"20,512820512820511";"0,35195236370266580";"Activation"
"HVEM-CD79B";"TNFSF13B";"0,161812230792043432";"22,564102564102566";"0,23761569276194555";"Activation"
"TIM1-CD3G";"CRTAM";"0,073522577751382490";"10,483870967741936";"0,35898232922399043";"Activation"
"TIM1-CD3G";"DUSP4";"0,621011537660005275";"68,548387096774192";"-0,52986394627505518";"Activation"
"TIM1-CD3G";"ID3";"0,265713822146946610";"34,677419354838712";"-0,45117718675975527";"Activation"
"TIM1-CD3G";"IFNG";"0,163196427220763968";"18,548387096774192";"-0,62363811173396644";"Activation"
"TIM1-CD3G";"IL2RA";"0,785132538340128749";"70,161290322580655";"-0,51253653477411698";"Activation"
"TIM1-CD3G";"LAIR2";"0,034811562070633406";"4,032258064516129";"-0,46737260871494019";"Activation"
"TIM1-CD3G";"LAYN";"0,106761770614525867";"13,709677419354838";"-0,35557784363885658";"Activation"
"TIM1-CD3G";"NPW";"0,123127570252761706";"13,709677419354838";"-0,75661229449306100";"Activation"
"TIM1-CD3G";"RGS16";"1,035886893898920968";"78,225806451612897";"0,48383764850713867";"Activation"
"TIM1-CD3G";"TNFRSF18";"0,251473289539672240";"29,838709677419356";"0,08431859430008518";"Activation"
"TIM1-CD3G";"TNFRSF4";"0,044768066976995792";"6,451612903225806";"-0,51091949575193996";"Activation"
"TIM1-CD3G";"TNFRSF8";"0,089373264305976127";"17,741935483870968";"-0,76558735837342085";"Activation"
"TIM1-CD3G";"TNFRSF9";"0,035481103633127835";"7,258064516129033";"-0,74054607204719713";"Activation"
"TIM1-CD3G";"TNFSF13B";"0,187116120604751857";"22,580645161290320";"0,56990216708417563";"Activation"
"TIM1-CD79B";"CRTAM";"0,008704280299866357";"1,718679330619629";"-1,04553379467791641";"Activation"
"TIM1-CD79B";"DUSP4";"0,428877538934377300";"67,797376752600641";"-1,17005155472772060";"Activation"
"TIM1-CD79B";"ID3";"0,133446302794649196";"29,308005427408411";"-1,02539676185492734";"Activation"
"TIM1-CD79B";"IFNG";"0,131020253727814284";"28,584350972410672";"-0,79577672878773076";"Activation"
"TIM1-CD79B";"IL2RA";"0,624336578892571881";"72,817729534147446";"-1,06707607621840816";"Activation"
"TIM1-CD79B";"LAIR2";"0,002813594725730176";"0,452284034373587";"-0,69532138651449993";"Activation"
"TIM1-CD79B";"LAYN";"0,007482588636450857";"1,085481682496608";"-0,77911942684227309";"Activation"
"TIM1-CD79B";"NPW";"0,062624641386907237";"12,075983717774763";"-0,89812505775635021";"Activation"
"TIM1-CD79B";"RGS16";"0,206273676661155259";"36,363636363636367";"-1,48771834807198089";"Activation"
"TIM1-CD79B";"TNFRSF18";"0,021388528919290380";"3,346901854364541";"-1,27070097421336459";"Activation"
"TIM1-CD79B";"TNFRSF4";"0,011077886205878469";"2,532790592492085";"-0,75471762478817828";"Activation"
"TIM1-CD79B";"TNFRSF8";"0,217511318333957149";"45,273631840796021";"0,45474376896551866";"Activation"
"TIM1-CD79B";"TNFRSF9";"0,044937897296472969";"11,533242876526458";"-0,67456607219437270";"Activation"
"TIM1-CD79B";"TNFSF13B";"0,085300985159012452";"20,624151967435552";"-0,76711726511844380";"Activation"
"TIM1-FCER1G";"CRTAM";"0,036911297718485191";"5,988023952095809";"-0,43432966977374671";"Activation"
"TIM1-FCER1G";"DUSP4";"0,646339641988184277";"68,263473053892227";"-0,44547108169073157";"Activation"
"TIM1-FCER1G";"ID3";"0,292037536135241249";"40,119760479041915";"-0,33689673502598777";"Activation"
"TIM1-FCER1G";"IFNG";"0,068854367283123913";"7,784431137724551";"-1,12835666477219920";"Activation"
"TIM1-FCER1G";"IL2RA";"1,216011182888718345";"86,826347305389220";"0,97344138896868704";"Activation"
"TIM1-FCER1G";"LAIR2";"0,000000000000000000";"0,000000000000000";"-0,71536501841275046";"Activation"
"TIM1-FCER1G";"LAYN";"0,018633431457204249";"5,389221556886228";"-0,73154806768867586";"Activation"
"TIM1-FCER1G";"NPW";"0,202667417145462603";"24,550898203592812";"-0,57057330870641676";"Activation"
"TIM1-FCER1G";"RGS16";"0,410088491256116128";"45,508982035928142";"-1,00335730902745457";"Activation"
"TIM1-FCER1G";"TNFRSF18";"0,178542339863151683";"25,748502994011975";"-0,34518774803869928";"Activation"
"TIM1-FCER1G";"TNFRSF4";"0,084445045564476268";"14,970059880239520";"-0,22379805787199067";"Activation"
"TIM1-FCER1G";"TNFRSF8";"0,165525506191750604";"30,538922155688624";"-0,04034650861335039";"Activation"
"TIM1-FCER1G";"TNFRSF9";"0,020050015774842490";"4,790419161676647";"-0,84820869120372455";"Activation"
"TIM1-FCER1G";"TNFSF13B";"0,185205865002475378";"25,748502994011975";"0,54481700808953182";"Activation"
"<span style='color:#4A90C2;'>Unstim CD28-CD3Z</span>";"CDC20";"0,155651804930214688";"18,385345997286294";"-1,35435077470934040";"Proliferation"
"<span style='color:#4A90C2;'>Unstim CD28-CD3Z</span>";"CDK1";"0,296431964130969727";"27,272727272727270";"-1,64539362157465385";"Proliferation"
"<span style='color:#4A90C2;'>Unstim CD28-CD3Z</span>";"MCM2";"0,106644441134241735";"18,147896879240164";"-2,25164562657912315";"Proliferation"
"<span style='color:#4A90C2;'>Unstim CD28-CD3Z</span>";"MCM3";"0,387695381943864881";"43,521031207598369";"-1,89257385806276757";"Proliferation"
"<span style='color:#4A90C2;'>Unstim CD28-CD3Z</span>";"MCM4";"0,242584641324028072";"31,037991858887381";"-2,08194174162295642";"Proliferation"
"<span style='color:#4A90C2;'>Unstim CD28-CD3Z</span>";"MKI67";"0,734501803636012807";"47,286295793758484";"-2,02060970185471467";"Proliferation"
"<span style='color:#4A90C2;'>Unstim CD28-CD3Z</span>";"PCNA";"0,705055704019194152";"60,956580732700139";"-2,09278654101724282";"Proliferation"
"<span style='color:#4A90C2;'>Unstim CD28-CD3Z</span>";"TOP2A";"0,518992640675704497";"35,888738127544094";"-2,30095939711777175";"Proliferation"
"<span style='color:#E64B35;'>CD223-CD79B</span>";"CDC20";"0,206856037694481021";"21,259842519685041";"-1,01918143348890489";"Proliferation"
"<span style='color:#E64B35;'>CD223-CD79B</span>";"CDK1";"0,327037534924045414";"33,858267716535437";"-1,35287491296977791";"Proliferation"
"<span style='color:#E64B35;'>CD223-CD79B</span>";"MCM2";"0,231066745716190763";"32,283464566929133";"-1,30240392267378891";"Proliferation"
"<span style='color:#E64B35;'>CD223-CD79B</span>";"MCM3";"0,445233786195868120";"49,606299212598429";"-1,66025792339427603";"Proliferation"
"<span style='color:#E64B35;'>CD223-CD79B</span>";"MCM4";"0,402028318547039021";"44,881889763779526";"-1,33574001345539162";"Proliferation"
"<span style='color:#E64B35;'>CD223-CD79B</span>";"MKI67";"0,945053223205929882";"57,480314960629919";"-1,38122598432184129";"Proliferation"
"<span style='color:#E64B35;'>CD223-CD79B</span>";"PCNA";"0,812897669843450021";"62,204724409448822";"-1,65452447799085522";"Proliferation"
"<span style='color:#E64B35;'>CD223-CD79B</span>";"TOP2A";"0,738677872253713064";"49,606299212598429";"-1,20929528783386941";"Proliferation"
"4-1BB-CD79A";"CDC20";"0,451417424248167332";"57,268722466960355";"0,58165260686330233";"Proliferation"
"4-1BB-CD79A";"CDK1";"0,627512806675707746";"64,757709251101332";"1,51897606653820794";"Proliferation"
"4-1BB-CD79A";"MCM2";"0,517886623994143203";"72,246696035242280";"0,88580012068696568";"Proliferation"
"4-1BB-CD79A";"MCM3";"1,121020504229825132";"86,784140969162991";"1,06828530051943260";"Proliferation"
"4-1BB-CD79A";"MCM4";"0,831204900404196367";"80,176211453744500";"0,67282070622073631";"Proliferation"
"4-1BB-CD79A";"MKI67";"1,711126966244256531";"88,105726872246692";"0,94511823472303336";"Proliferation"
"4-1BB-CD79A";"PCNA";"1,472977331330279416";"91,189427312775322";"1,02799222127271328";"Proliferation"
"4-1BB-CD79A";"TOP2A";"1,139028886004567198";"81,497797356828201";"0,78013672672574741";"Proliferation"
"4-1BB-FCER1G";"CDC20";"0,454992697560412662";"49,132947976878611";"0,60505539870406866";"Proliferation"
"4-1BB-FCER1G";"CDK1";"0,507581962668325892";"52,601156069364166";"0,37271364757789111";"Proliferation"
"4-1BB-FCER1G";"MCM2";"0,406241314998232739";"57,225433526011557";"0,03403657475043771";"Proliferation"
"4-1BB-FCER1G";"MCM3";"0,815074934573158605";"71,676300578034684";"-0,16699454250815784";"Proliferation"
"4-1BB-FCER1G";"MCM4";"0,653140048249309602";"66,473988439306353";"-0,16052874179802937";"Proliferation"
"4-1BB-FCER1G";"MKI67";"1,370579858302579224";"72,832369942196522";"-0,08902476139442617";"Proliferation"
"4-1BB-FCER1G";"PCNA";"1,215061071046965369";"86,705202312138724";"-0,02016107838080706";"Proliferation"
"4-1BB-FCER1G";"TOP2A";"0,976744842934307522";"65,895953757225428";"-0,02628828444473461";"Proliferation"
"CD223-FCER1G";"CDC20";"0,212276557864415544";"24,861878453038674";"-0,98370014461200328";"Proliferation"
"CD223-FCER1G";"CDK1";"0,386433711160236948";"35,359116022099442";"-0,78518438087196674";"Proliferation"
"CD223-FCER1G";"MCM2";"0,304694924375943033";"40,331491712707184";"-0,74068037960601896";"Proliferation"
"CD223-FCER1G";"MCM3";"0,575511520713745006";"55,248618784530393";"-1,13425109274845615";"Proliferation"
"CD223-FCER1G";"MCM4";"0,498910248577321913";"52,486187845303867";"-0,88232934910091454";"Proliferation"
"CD223-FCER1G";"MKI67";"1,131566769391405103";"60,220994475138120";"-0,81483833054158150";"Proliferation"
"CD223-FCER1G";"PCNA";"1,026277141495946621";"77,900552486187848";"-0,78736551311903669";"Proliferation"
"CD223-FCER1G";"TOP2A";"0,886685057164481982";"55,801104972375690";"-0,47381511685178579";"Proliferation"
"CD30-CD79B";"CDC20";"0,368095943093800060";"40,438871473354233";"0,03625226707910048";"Proliferation"
"CD30-CD79B";"CDK1";"0,437700628143275927";"47,021943573667713";"-0,29519082867117546";"Proliferation"
"CD30-CD79B";"MCM2";"0,443343147083436917";"60,501567398119128";"0,31709359113428531";"Proliferation"
"CD30-CD79B";"MCM3";"0,898466181951094178";"78,996865203761757";"0,16970432548490125";"Proliferation"
"CD30-CD79B";"MCM4";"0,769512741442359705";"76,175548589341687";"0,38409934433617182";"Proliferation"
"CD30-CD79B";"MKI67";"1,427559355985372758";"82,131661442006262";"0,08400548046287229";"Proliferation"
"CD30-CD79B";"PCNA";"1,266353187023405935";"89,968652037617559";"0,18828642526964570";"Proliferation"
"CD30-CD79B";"TOP2A";"0,966069857365038809";"68,338557993730404";"-0,07933462956946900";"Proliferation"
"CD357-CD79B";"CDC20";"0,445252272218588707";"50,000000000000000";"0,54129715512182541";"Proliferation"
"CD357-CD79B";"CDK1";"0,551145100909863572";"58,181818181818180";"0,78907683280799035";"Proliferation"
"CD357-CD79B";"MCM2";"0,507067576025670208";"67,272727272727266";"0,80325952185516425";"Proliferation"
"CD357-CD79B";"MCM3";"0,975733724064052677";"82,727272727272734";"0,48167824097429435";"Proliferation"
"CD357-CD79B";"MCM4";"0,878105353317884196";"84,545454545454547";"0,89231639037436639";"Proliferation"
"CD357-CD79B";"MKI67";"1,771691815821589966";"87,272727272727266";"1,12903615251088163";"Proliferation"
"CD357-CD79B";"PCNA";"1,406818504476481158";"88,181818181818187";"0,75912746419287125";"Proliferation"
"CD357-CD79B";"TOP2A";"1,368156553496936878";"80,909090909090907";"1,91872237150786584";"Proliferation"
"CD4-FCGR2A";"CDC20";"0,336723681228944915";"50,000000000000000";"-0,16910224707302959";"Proliferation"
"CD4-FCGR2A";"CDK1";"0,609506725643970904";"64,285714285714292";"1,34687943726606041";"Proliferation"
"CD4-FCGR2A";"MCM2";"0,561448327056819796";"76,428571428571416";"1,21814073581355942";"Proliferation"
"CD4-FCGR2A";"MCM3";"1,054130515811192659";"91,428571428571431";"0,79821159268110375";"Proliferation"
"CD4-FCGR2A";"MCM4";"0,926800191850601141";"89,285714285714292";"1,12020985908263726";"Proliferation"
"CD4-FCGR2A";"MKI67";"1,820435911295647635";"92,857142857142861";"1,27705786158148249";"Proliferation"
"CD4-FCGR2A";"PCNA";"1,544552849172888820";"94,285714285714278";"1,31887002447415047";"Proliferation"
"CD4-FCGR2A";"TOP2A";"1,077135613456288610";"77,857142857142861";"0,47257547756144053";"Proliferation"
"CD4-K1";"CDC20";"0,572268934149574693";"55,376344086021504";"1,37271457132295138";"Proliferation"
"CD4-K1";"CDK1";"0,418012489850516256";"45,161290322580641";"-0,48336404808831623";"Proliferation"
"CD4-K1";"MCM2";"0,552115264303535858";"72,043010752688176";"1,14693700413257638";"Proliferation"
"CD4-K1";"MCM3";"0,987970796323382250";"82,795698924731184";"0,53108640438252863";"Proliferation"
"CD4-K1";"MCM4";"0,909320792478152340";"87,096774193548384";"1,03840568693720248";"Proliferation"
"CD4-K1";"MKI67";"1,502223701192626715";"85,483870967741936";"0,31073948540706237";"Proliferation"
"CD4-K1";"PCNA";"1,251916328562694414";"88,709677419354833";"0,12961606142518128";"Proliferation"
"CD4-K1";"TOP2A";"0,961142194280919071";"70,430107526881727";"-0,10382126844335512";"Proliferation"
"HVEM-CD79B";"CDC20";"0,294273065666580791";"33,846153846153847";"-0,44697272934239551";"Proliferation"
"HVEM-CD79B";"CDK1";"0,520317695316504514";"56,923076923076920";"0,49443789485855361";"Proliferation"
"HVEM-CD79B";"MCM2";"0,447651573588936147";"59,487179487179489";"0,34996340600367110";"Proliferation"
"HVEM-CD79B";"MCM3";"0,967657946302580507";"81,025641025641022";"0,44907163877145156";"Proliferation"
"HVEM-CD79B";"MCM4";"0,811758876482951308";"76,923076923076934";"0,58181266558375899";"Proliferation"
"HVEM-CD79B";"MKI67";"1,583243091873457464";"83,589743589743591";"0,55677192399889019";"Proliferation"
"HVEM-CD79B";"PCNA";"1,395717467065975548";"88,205128205128204";"0,71401363934670892";"Proliferation"
"HVEM-CD79B";"TOP2A";"1,114685142498736958";"71,794871794871796";"0,65916732482268270";"Proliferation"
"TIM1-CD3G";"CDC20";"0,256044132245682288";"29,032258064516132";"-0,69720919883958743";"Proliferation"
"TIM1-CD3G";"CDK1";"0,409586299701632295";"41,935483870967744";"-0,56389900290014783";"Proliferation"
"TIM1-CD3G";"MCM2";"0,353804615847962078";"45,161290322580641";"-0,36601309332005394";"Proliferation"
"TIM1-CD3G";"MCM3";"0,861251006159150290";"75,000000000000000";"0,01944506021067070";"Proliferation"
"TIM1-CD3G";"MCM4";"0,589148652380776627";"57,258064516129039";"-0,46001060910447844";"Proliferation"
"TIM1-CD3G";"MKI67";"1,225111952252887049";"67,741935483870961";"-0,53076868666342447";"Proliferation"
"TIM1-CD3G";"PCNA";"1,298461225548743325";"83,870967741935488";"0,31877120544118887";"Proliferation"
"TIM1-CD3G";"TOP2A";"1,007385659676881096";"68,548387096774192";"0,12597265579573488";"Proliferation"
"TIM1-CD79B";"CDC20";"0,678474331780288153";"75,260063319764811";"2,06790696531547313";"Proliferation"
"TIM1-CD79B";"CDK1";"0,570260390437061004";"69,425599276345537";"0,97177493848648855";"Proliferation"
"TIM1-CD79B";"MCM2";"0,423915917976735668";"71,641791044776113";"0,16887952194978145";"Proliferation"
"TIM1-CD79B";"MCM3";"1,190914454922689769";"94,572591587516968";"1,35048774763232782";"Proliferation"
"TIM1-CD79B";"MCM4";"0,844746439583374809";"89,099954771596572";"0,73619556130149588";"Proliferation"
"TIM1-CD79B";"MKI67";"1,682714229185768628";"96,698326549072817";"0,85883697628816691";"Proliferation"
"TIM1-CD79B";"PCNA";"1,313984683730860636";"96,969696969696969";"0,38185743310960529";"Proliferation"
"TIM1-CD79B";"TOP2A";"0,992339692163087705";"81,772953414744464";"0,05120594250200422";"Proliferation"
"TIM1-FCER1G";"CDC20";"0,280922432574402470";"39,520958083832333";"-0,53436243634146041";"Proliferation"
"TIM1-FCER1G";"CDK1";"0,430087789025779987";"49,101796407185624";"-0,36795202245915137";"Proliferation"
"TIM1-FCER1G";"MCM2";"0,367258941472930367";"56,287425149700596";"-0,26336745414745377";"Proliferation"
"TIM1-FCER1G";"MCM3";"0,852994092203725573";"73,053892215568865";"-0,01389289394305475";"Proliferation"
"TIM1-FCER1G";"MCM4";"0,579469415891968986";"62,275449101796411";"-0,50530975875459971";"Proliferation"
"TIM1-FCER1G";"MKI67";"1,292839854846688841";"72,455089820359291";"-0,32509865019639655";"Proliferation"
"TIM1-FCER1G";"PCNA";"1,150213529846248584";"77,245508982035929";"-0,28369686402412214";"Proliferation"
"TIM1-FCER1G";"TOP2A";"1,019411860380271095";"73,652694610778440";"0,18573348534550746";"Proliferation"
